{"0": 267.5242919921875, "1": 276.3849472045898, "2": 277.73650817871095, "3": 278.61549682617186, "4": 279.31810302734374, "5": 279.8645935058594, "6": 280.3836273193359, "7": 280.8216796875, "8": 281.2293212890625, "9": 281.61327362060547, "10": 281.9944152832031, "11": 282.350927734375, "12": 282.6840576171875, "13": 283.0017837524414, "14": 283.30678100585936, "15": 283.5943832397461, "16": 283.9189392089844, "17": 284.21536712646486, "18": 284.4934814453125, "19": 284.7574203491211, "20": 285.0245361328125, "21": 285.31146850585935, "22": 285.6129150390625, "23": 285.86882934570315, "24": 286.12652587890625, "25": 286.42323303222656, "26": 286.7021453857422, "27": 286.97741546630857, "28": 287.2375183105469, "29": 287.5056411743164, "30": 287.78733825683594, "31": 288.0694839477539, "32": 288.3481140136719, "33": 288.6302764892578, "34": 288.9071563720703, "35": 289.19568634033203, "36": 289.47222900390625, "37": 289.74207305908203, "38": 290.0290191650391, "39": 290.30458068847656, "40": 290.57318115234375, "41": 290.8515960693359, "42": 291.1406219482422, "43": 291.4339111328125, "44": 291.7028442382813, "45": 292.0080032348633, "46": 292.2894653320312, "47": 292.57973022460936, "48": 292.871142578125, "49": 293.17857513427737, "50": 293.47698974609375, "51": 293.7674621582031, "52": 294.07179565429686, "53": 294.3714874267578, "54": 294.6675750732422, "55": 294.96148681640625, "56": 295.2668090820313, "57": 295.55691680908205, "58": 295.85590209960935, "59": 296.14739990234375, "60": 296.4653015136719, "61": 296.77881927490233, "62": 297.08082275390626, "63": 297.3931549072266, "64": 297.6861083984375, "65": 297.9943389892578, "66": 298.2821075439453, "67": 298.5721771240234, "68": 298.87962646484374, "69": 299.1684509277344, "70": 299.46661376953125, "71": 299.77227783203125, "72": 300.0752868652344, "73": 300.40210418701173, "74": 300.6942474365234, "75": 300.9969787597656, "76": 301.3258544921875, "77": 301.6518264770508, "78": 301.9841583251953, "79": 302.3075408935547, "80": 302.61859130859375, "81": 302.9817352294922, "82": 303.3426910400391, "83": 303.6994110107422, "84": 304.0755981445312, "85": 304.46932220458984, "86": 304.8315826416016, "87": 305.2179428100586, "88": 305.61017456054685, "89": 306.00433349609375, "90": 306.43458557128906, "91": 306.9014495849609, "92": 307.37437744140624, "93": 307.87724151611326, "94": 308.42711486816404, "95": 308.9984893798828, "96": 309.63836059570315, "97": 310.33575134277345, "98": 311.13079833984375, "99": 312.27847290039057, "100": 317.948974609375}