{"0": 98599.125, "1": 100754.21875, "2": 100907.59375, "3": 100991.6875, "4": 101054.075, "5": 101100.71875, "6": 101140.35, "7": 101174.303125, "8": 101201.8125, "9": 101227.8125, "10": 101250.125, "11": 101270.315625, "12": 101289.0625, "13": 101307.4375, "14": 101324.625, "15": 101340.3125, "16": 101354.9875, "17": 101368.959375, "18": 101382.1875, "19": 101395.340625, "20": 101407.75, "21": 101420.6875, "22": 101433.0625, "23": 101444.478125, "24": 101456.3875, "25": 101468.125, "26": 101478.5625, "27": 101489.4375, "28": 101499.75, "29": 101509.3125, "30": 101518.65625, "31": 101528.440625, "32": 101538.125, "33": 101548.259375, "34": 101557.35625, "35": 101566.3125, "36": 101575.5625, "37": 101583.709375, "38": 101592.1875, "39": 101600.6875, "40": 101609.5625, "41": 101618.0625, "42": 101626.75, "43": 101635.0, "44": 101644.0625, "45": 101652.921875, "46": 101662.5625, "47": 101671.490625, "48": 101679.875, "49": 101689.121875, "50": 101697.5, "51": 101705.5625, "52": 101713.5625, "53": 101722.0625, "54": 101730.5, "55": 101739.0, "56": 101747.75, "57": 101756.25, "58": 101764.43125, "59": 101773.4375, "60": 101782.6875, "61": 101791.6875, "62": 101800.25625, "63": 101809.228125, "64": 101818.5, "65": 101828.125, "66": 101838.5625, "67": 101848.1875, "68": 101859.025, "69": 101869.4375, "70": 101880.0, "71": 101891.565625, "72": 101901.75, "73": 101912.75, "74": 101923.8125, "75": 101935.578125, "76": 101947.5, "77": 101959.771875, "78": 101973.75, "79": 101987.153125, "80": 102000.0625, "81": 102015.221875, "82": 102031.25625, "83": 102047.290625, "84": 102062.8125, "85": 102079.421875, "86": 102097.58125, "87": 102116.16875, "88": 102138.9625, "89": 102161.6875, "90": 102186.59375, "91": 102212.8125, "92": 102243.6875, "93": 102276.3125, "94": 102311.50625, "95": 102351.90625, "96": 102399.05, "97": 102463.75, "98": 102548.175, "99": 102681.559375, "100": 103566.3125}