{"0": 258.97613525390625, "1": 270.80776062011716, "2": 271.9553619384766, "3": 272.72765350341797, "4": 273.3028198242188, "5": 273.7431945800781, "6": 274.1642211914062, "7": 274.52276306152345, "8": 274.87562255859376, "9": 275.2275650024414, "10": 275.54852294921875, "11": 275.84674377441405, "12": 276.1121337890625, "13": 276.39159393310547, "14": 276.6846527099609, "15": 276.96204376220703, "16": 277.2181884765625, "17": 277.47035827636716, "18": 277.72283630371095, "19": 277.9475372314453, "20": 278.1619567871094, "21": 278.3764709472656, "22": 278.5983093261719, "23": 278.7904418945312, "24": 278.99375, "25": 279.2048568725586, "26": 279.4074401855469, "27": 279.6002197265625, "28": 279.7970275878906, "29": 279.9887664794922, "30": 280.17529296875, "31": 280.36097717285156, "32": 280.5336547851563, "33": 280.7075653076172, "34": 280.87477722167966, "35": 281.03973388671875, "36": 281.20911865234376, "37": 281.36182861328126, "38": 281.5266967773438, "39": 281.68380279541014, "40": 281.8399353027344, "41": 281.9995147705078, "42": 282.15476989746094, "43": 282.3159118652344, "44": 282.4643188476563, "45": 282.62628173828125, "46": 282.7915832519531, "47": 282.9451446533203, "48": 283.1034790039063, "49": 283.2495834350586, "50": 283.41209411621094, "51": 283.5626922607422, "52": 283.71788330078124, "53": 283.88372497558595, "54": 284.0388671875, "55": 284.21300506591797, "56": 284.358349609375, "57": 284.51879730224607, "58": 284.6827362060547, "59": 284.84678344726564, "60": 285.00421142578125, "61": 285.16210479736327, "62": 285.32257690429685, "63": 285.48211364746095, "64": 285.6466918945313, "65": 285.8163833618164, "66": 285.9779113769531, "67": 286.13836669921875, "68": 286.31484375, "69": 286.4819274902344, "70": 286.65953063964844, "71": 286.82167358398436, "72": 287.0022827148438, "73": 287.18518524169923, "74": 287.36412658691404, "75": 287.54149627685547, "76": 287.7336059570313, "77": 287.91834716796876, "78": 288.117724609375, "79": 288.33093719482423, "80": 288.55535888671875, "81": 288.7646759033203, "82": 288.9807434082031, "83": 289.19468994140624, "84": 289.42485961914065, "85": 289.66446685791016, "86": 289.9167419433594, "87": 290.1838851928711, "88": 290.4711181640625, "89": 290.7790893554687, "90": 291.1175842285156, "91": 291.4908645629883, "92": 291.87840576171874, "93": 292.30596618652345, "94": 292.7694915771484, "95": 293.35865783691406, "96": 293.97041015625, "97": 294.7566833496094, "98": 295.7391693115234, "99": 297.3346038818359, "100": 307.06829833984375}