{"0.0": 267.5242919921875, "0.1": 272.6289651489258, "0.2": 273.6765902709961, "0.3": 274.23313232421873, "0.4": 274.78116516113283, "0.5": 275.14779205322264, "0.6": 275.4451791381836, "0.7": 275.6939762878418, "0.8": 275.97321166992185, "0.9": 276.22435638427737, "1.0": 276.3849472045898, "2.0": 277.73650817871095, "3.0": 278.61549682617186, "4.0": 279.31810302734374, "5.0": 279.8645935058594, "6.0": 280.3836273193359, "7.0": 280.8216796875, "8.0": 281.2293212890625, "9.0": 281.61327362060547, "10.0": 281.9944152832031, "11.0": 282.350927734375, "12.0": 282.6840576171875, "13.0": 283.0017837524414, "14.0": 283.30678100585936, "15.0": 283.5943832397461, "16.0": 283.9189392089844, "17.0": 284.21536712646486, "18.0": 284.4934814453125, "19.0": 284.7574203491211, "20.0": 285.0245361328125, "21.0": 285.31146850585935, "22.0": 285.6129150390625, "23.0": 285.86882934570315, "24.0": 286.12652587890625, "25.0": 286.42323303222656, "26.0": 286.7021453857422, "27.0": 286.97741546630857, "28.0": 287.2375183105469, "29.0": 287.5056411743164, "30.0": 287.78733825683594, "31.0": 288.0694839477539, "32.0": 288.3481140136719, "33.0": 288.6302764892578, "34.0": 288.9071563720703, "35.0": 289.19568634033203, "36.0": 289.47222900390625, "37.0": 289.74207305908203, "38.0": 290.0290191650391, "39.0": 290.30458068847656, "40.0": 290.57318115234375, "41.0": 290.8515960693359, "42.0": 291.1406219482422, "43.0": 291.4339111328125, "44.0": 291.7028442382813, "45.0": 292.0080032348633, "46.0": 292.2894653320312, "47.0": 292.57973022460936, "48.0": 292.871142578125, "49.0": 293.17857513427737, "50.0": 293.47698974609375, "51.0": 293.7674621582031, "52.0": 294.07179565429686, "53.0": 294.3714874267578, "54.0": 294.6675750732422, "55.0": 294.96148681640625, "56.0": 295.2668090820313, "57.0": 295.55691680908205, "58.0": 295.85590209960935, "59.0": 296.14739990234375, "60.0": 296.4653015136719, "61.0": 296.77881927490233, "62.0": 297.08082275390626, "63.0": 297.3931549072266, "64.0": 297.6861083984375, "65.0": 297.9943389892578, "66.0": 298.2821075439453, "67.0": 298.5721771240234, "68.0": 298.87962646484374, "69.0": 299.1684509277344, "70.0": 299.46661376953125, "71.0": 299.77227783203125, "72.0": 300.0752868652344, "73.0": 300.40210418701173, "74.0": 300.6942474365234, "75.0": 300.9969787597656, "76.0": 301.3258544921875, "77.0": 301.6518264770508, "78.0": 301.9841583251953, "79.0": 302.3075408935547, "80.0": 302.61859130859375, "81.0": 302.9817352294922, "82.0": 303.3426910400391, "83.0": 303.6994110107422, "84.0": 304.0755981445312, "85.0": 304.46932220458984, "86.0": 304.8315826416016, "87.0": 305.2179428100586, "88.0": 305.61017456054685, "89.0": 306.00433349609375, "90.0": 306.43458557128906, "91.0": 306.9014495849609, "92.0": 307.37437744140624, "93.0": 307.87724151611326, "94.0": 308.42711486816404, "95.0": 308.9984893798828, "96.0": 309.63836059570315, "97.0": 310.33575134277345, "98.0": 311.13079833984375, "99.0": 312.27847290039057, "99.1": 312.46429702758786, "99.2": 312.65133300781247, "99.3": 312.84630401611327, "99.4": 313.1070715332031, "99.5": 313.3043632507324, "99.6": 313.58223388671877, "99.7": 313.84996658325196, "99.8": 314.2794744873047, "99.9": 314.82898010253905, "100.0": 317.948974609375}