{"0.0": 258.97613525390625, "0.1": 267.18799377441405, "0.2": 268.2915835571289, "0.3": 268.90063705444334, "0.4": 269.3347058105469, "0.5": 269.7233367919922, "0.6": 270.0165426635742, "0.7": 270.2876214599609, "0.8": 270.45146240234374, "0.9": 270.65623489379885, "1.0": 270.80776062011716, "2.0": 271.9553619384766, "3.0": 272.72765350341797, "4.0": 273.3028198242188, "5.0": 273.7431945800781, "6.0": 274.1642211914062, "7.0": 274.52276306152345, "8.0": 274.87562255859376, "9.0": 275.2275650024414, "10.0": 275.54852294921875, "11.0": 275.84674377441405, "12.0": 276.1121337890625, "13.0": 276.39159393310547, "14.0": 276.6846527099609, "15.0": 276.96204376220703, "16.0": 277.2181884765625, "17.0": 277.47035827636716, "18.0": 277.72283630371095, "19.0": 277.9475372314453, "20.0": 278.1619567871094, "21.0": 278.3764709472656, "22.0": 278.5983093261719, "23.0": 278.7904418945312, "24.0": 278.99375, "25.0": 279.2048568725586, "26.0": 279.4074401855469, "27.0": 279.6002197265625, "28.0": 279.7970275878906, "29.0": 279.9887664794922, "30.0": 280.17529296875, "31.0": 280.36097717285156, "32.0": 280.5336547851563, "33.0": 280.7075653076172, "34.0": 280.87477722167966, "35.0": 281.03973388671875, "36.0": 281.20911865234376, "37.0": 281.36182861328126, "38.0": 281.5266967773438, "39.0": 281.68380279541014, "40.0": 281.8399353027344, "41.0": 281.9995147705078, "42.0": 282.15476989746094, "43.0": 282.3159118652344, "44.0": 282.4643188476563, "45.0": 282.62628173828125, "46.0": 282.7915832519531, "47.0": 282.9451446533203, "48.0": 283.1034790039063, "49.0": 283.2495834350586, "50.0": 283.41209411621094, "51.0": 283.5626922607422, "52.0": 283.71788330078124, "53.0": 283.88372497558595, "54.0": 284.0388671875, "55.0": 284.21300506591797, "56.0": 284.358349609375, "57.0": 284.51879730224607, "58.0": 284.6827362060547, "59.0": 284.84678344726564, "60.0": 285.00421142578125, "61.0": 285.16210479736327, "62.0": 285.32257690429685, "63.0": 285.48211364746095, "64.0": 285.6466918945313, "65.0": 285.8163833618164, "66.0": 285.9779113769531, "67.0": 286.13836669921875, "68.0": 286.31484375, "69.0": 286.4819274902344, "70.0": 286.65953063964844, "71.0": 286.82167358398436, "72.0": 287.0022827148438, "73.0": 287.18518524169923, "74.0": 287.36412658691404, "75.0": 287.54149627685547, "76.0": 287.7336059570313, "77.0": 287.91834716796876, "78.0": 288.117724609375, "79.0": 288.33093719482423, "80.0": 288.55535888671875, "81.0": 288.7646759033203, "82.0": 288.9807434082031, "83.0": 289.19468994140624, "84.0": 289.42485961914065, "85.0": 289.66446685791016, "86.0": 289.9167419433594, "87.0": 290.1838851928711, "88.0": 290.4711181640625, "89.0": 290.7790893554687, "90.0": 291.1175842285156, "91.0": 291.4908645629883, "92.0": 291.87840576171874, "93.0": 292.30596618652345, "94.0": 292.7694915771484, "95.0": 293.35865783691406, "96.0": 293.97041015625, "97.0": 294.7566833496094, "98.0": 295.7391693115234, "99.0": 297.3346038818359, "99.1": 297.57882278442383, "99.2": 297.79178833007813, "99.3": 298.0597229003906, "99.4": 298.39092773437505, "99.5": 298.79418792724607, "99.6": 299.1593493652344, "99.7": 299.7028253173828, "99.8": 300.2595156860352, "99.9": 301.1469082641602, "100.0": 307.06829833984375}